pig_id,age_days,growth_stage,birth_weight_kg,current_weight_kg,adg_kg_per_day,weight_deviation_pct,adg_deviation_pct,weight_label,weight_label_num
PIG0001,77,grower,1.53,19.72,0.236,-56.18,-60.64,Underweight,1
PIG0002,142,finisher,1.67,36.76,0.247,-54.05,-67.04,Underweight,1
PIG0003,75,grower,1.62,46.83,0.603,4.06,0.45,Normal,0
PIG0004,16,starter,1.51,11.19,0.605,-28.95,72.84,Underweight,1
PIG0005,147,finisher,1.6,90.87,0.607,13.59,-19.03,Normal,0
PIG0006,117,finisher,1.32,80.77,0.679,0.97,-9.45,Normal,0
PIG0007,122,finisher,1.27,80.78,0.652,0.97,-13.11,Normal,0
PIG0008,74,grower,1.3,31.23,0.404,-30.6,-32.6,Underweight,1
PIG0009,123,finisher,1.64,113.53,0.91,41.92,21.3,Overweight,2
PIG0010,78,grower,1.4,38.58,0.477,-14.26,-20.54,Normal,0
PIG0011,1,starter,1.52,15.84,14.324,0.58,3992.59,Normal,0
PIG0012,7,starter,1.66,15.78,2.017,0.2,476.2,Normal,0
PIG0013,155,finisher,1.37,42.91,0.268,-46.36,-64.26,Underweight,1
PIG0014,129,finisher,1.43,85.39,0.651,6.74,-13.22,Normal,0
PIG0015,149,finisher,1.39,93.91,0.621,17.39,-17.2,Overweight,2
PIG0016,50,starter,1.64,13.79,0.243,-12.44,-30.59,Normal,0
PIG0017,111,finisher,1.57,79.6,0.703,-0.5,-6.26,Normal,0
PIG0018,98,grower,1.26,20.47,0.196,-54.52,-67.34,Underweight,1
PIG0019,51,starter,1.43,26.54,0.492,68.49,40.67,Overweight,2
PIG0020,157,finisher,1.45,85.26,0.534,6.57,-28.83,Normal,0
PIG0021,103,grower,1.71,43.94,0.41,-2.35,-31.66,Normal,0
PIG0022,34,starter,1.72,16.48,0.434,4.61,24.03,Normal,0
PIG0023,78,grower,1.26,39.59,0.491,-12.02,-18.1,Normal,0
PIG0024,116,finisher,1.72,49.22,0.409,-38.48,-45.41,Underweight,1
PIG0025,67,starter,1.71,4.37,0.04,-72.26,-88.65,Underweight,1
PIG0026,53,starter,1.3,15.37,0.265,-2.43,-24.17,Normal,0
PIG0027,17,starter,1.75,7.57,0.342,-51.94,-2.16,Underweight,1
PIG0028,28,starter,1.33,13.87,0.448,-11.93,27.95,Normal,0
PIG0029,107,finisher,1.21,103.05,0.952,28.82,26.91,Overweight,2
PIG0030,72,grower,1.21,49.74,0.674,10.53,12.34,Normal,0
PIG0031,22,starter,1.55,5.82,0.194,-63.03,-44.51,Underweight,1
PIG0032,110,finisher,1.32,40.1,0.353,-49.87,-52.99,Underweight,1
PIG0033,14,starter,1.32,31.75,2.174,101.6,521.04,Overweight,2
PIG0034,85,grower,1.31,25.81,0.288,-42.64,-51.96,Underweight,1
PIG0035,25,starter,1.77,26.25,0.979,66.69,179.85,Overweight,2
PIG0036,39,starter,1.32,24.33,0.59,54.48,68.55,Overweight,2
PIG0037,145,finisher,1.54,68.83,0.464,-13.97,-38.13,Normal,0
PIG0038,103,grower,1.25,50.58,0.479,12.4,-20.18,Normal,0
PIG0039,75,grower,1.79,44.26,0.566,-1.64,-5.61,Normal,0
PIG0040,84,grower,1.26,46.73,0.541,3.86,-9.77,Normal,0
PIG0041,50,starter,1.32,9.97,0.173,-36.72,-50.6,Underweight,1
PIG0042,53,starter,1.37,18.03,0.314,14.49,-10.18,Normal,0
PIG0043,95,grower,1.44,46.74,0.477,3.87,-20.53,Normal,0
PIG0044,88,grower,1.64,47.07,0.516,4.61,-13.96,Normal,0
PIG0045,3,starter,1.49,14.53,4.347,-7.72,1141.9,Normal,0
PIG0046,68,starter,1.37,16.52,0.223,4.91,-36.34,Normal,0
PIG0047,34,starter,1.55,1.65,0.003,-89.55,-99.16,Underweight,1
PIG0048,22,starter,1.45,5.88,0.201,-62.69,-42.54,Underweight,1
PIG0049,72,grower,1.76,49.01,0.656,8.92,9.39,Normal,0
PIG0050,104,grower,1.71,43.11,0.398,-4.21,-33.67,Normal,0
PIG0051,83,grower,1.72,44.66,0.517,-0.75,-13.76,Normal,0
PIG0052,73,grower,1.62,49.9,0.661,10.89,10.23,Normal,0
PIG0053,82,grower,1.53,50.1,0.592,11.33,-1.28,Normal,0
PIG0054,52,starter,1.24,4.64,0.065,-70.56,-81.33,Underweight,1
PIG0055,87,grower,1.48,58.24,0.652,29.42,8.73,Overweight,2
PIG0056,61,starter,1.51,12.9,0.187,-18.12,-46.66,Underweight,1
PIG0057,43,starter,1.25,17.26,0.373,9.62,6.44,Normal,0
PIG0058,41,starter,1.4,15.51,0.344,-1.49,-1.62,Normal,0
PIG0059,59,starter,1.62,13.98,0.209,-11.26,-40.18,Normal,0
PIG0060,119,finisher,1.31,68.52,0.565,-14.34,-24.69,Normal,0
PIG0061,136,finisher,1.45,105.23,0.763,31.54,1.75,Overweight,2
PIG0062,49,starter,1.21,11.9,0.218,-24.45,-37.66,Underweight,1
PIG0063,80,grower,1.51,67.75,0.828,50.55,38.0,Overweight,2
PIG0064,98,grower,1.76,62.28,0.618,38.39,2.93,Overweight,2
PIG0065,95,grower,1.78,46.08,0.466,2.39,-22.28,Normal,0
PIG0066,18,starter,1.44,19.24,0.989,22.19,182.56,Overweight,2
PIG0067,73,grower,1.64,39.11,0.513,-13.08,-14.44,Normal,0
PIG0068,43,starter,1.25,17.95,0.388,14.0,10.98,Normal,0
PIG0069,156,finisher,1.36,87.06,0.549,8.83,-26.75,Normal,0
PIG0070,89,grower,1.77,40.43,0.434,-10.16,-27.6,Normal,0
PIG0071,125,finisher,1.67,80.82,0.633,1.02,-15.58,Normal,0
PIG0072,89,grower,1.64,57.89,0.632,28.65,5.34,Overweight,2
PIG0073,87,grower,1.73,39.0,0.428,-13.33,-28.6,Normal,0
PIG0074,29,starter,1.5,3.59,0.072,-77.23,-79.44,Underweight,1
PIG0075,84,grower,1.38,47.27,0.546,5.04,-8.95,Normal,0
PIG0076,29,starter,1.66,15.2,0.467,-3.46,33.41,Normal,0
PIG0077,8,starter,1.67,17.14,1.934,8.82,452.51,Normal,0
PIG0078,89,grower,1.4,19.28,0.201,-57.17,-66.53,Underweight,1
PIG0079,115,finisher,1.36,83.56,0.715,4.45,-4.69,Normal,0
PIG0080,88,grower,1.71,47.79,0.524,6.21,-12.71,Normal,0
PIG0081,99,grower,1.35,50.75,0.499,12.77,-16.83,Normal,0
PIG0082,88,grower,1.28,46.1,0.509,2.44,-15.12,Normal,0
PIG0083,113,finisher,1.78,99.54,0.865,24.42,15.35,Overweight,2
PIG0084,3,starter,1.7,17.59,5.295,11.67,1412.92,Normal,0
PIG0085,21,starter,1.36,14.48,0.625,-8.09,78.44,Normal,0
PIG0086,0,starter,1.65,17.87,0.0,13.46,-100.0,Normal,0
PIG0087,147,finisher,1.39,103.98,0.698,29.98,-6.94,Overweight,2
PIG0088,100,grower,1.58,24.24,0.227,-46.14,-62.25,Underweight,1
PIG0089,33,starter,1.24,9.98,0.265,-36.64,-24.32,Underweight,1
PIG0090,43,starter,1.61,5.96,0.101,-62.16,-71.12,Underweight,1
PIG0091,2,starter,1.28,19.56,9.139,24.18,2511.16,Overweight,2
PIG0092,47,starter,1.33,17.53,0.345,11.33,-1.5,Normal,0
PIG0093,16,starter,1.36,9.77,0.525,-38.0,50.05,Underweight,1
PIG0094,20,starter,1.43,35.2,1.688,123.47,382.31,Overweight,2
PIG0095,142,finisher,1.24,74.4,0.515,-7.0,-31.3,Normal,0
PIG0096,83,grower,1.71,23.2,0.259,-48.44,-56.86,Underweight,1
PIG0097,87,grower,1.62,43.77,0.485,-2.72,-19.25,Normal,0
PIG0098,42,starter,1.72,14.04,0.293,-10.89,-16.22,Normal,0
PIG0099,117,finisher,1.64,66.73,0.556,-16.59,-25.82,Underweight,1
PIG0100,52,starter,1.54,15.55,0.269,-1.26,-23.02,Normal,0
PIG0101,86,grower,1.54,41.77,0.468,-7.18,-22.04,Normal,0
PIG0102,77,grower,1.3,47.9,0.605,6.43,0.85,Normal,0
PIG0103,101,grower,1.34,42.44,0.407,-5.69,-32.18,Normal,0
PIG0104,31,starter,1.59,15.5,0.449,-1.61,28.15,Normal,0
PIG0105,87,grower,1.47,42.36,0.47,-5.88,-21.68,Normal,0
PIG0106,72,grower,1.74,25.0,0.323,-44.44,-46.15,Underweight,1
PIG0107,36,starter,1.66,17.2,0.432,9.2,23.34,Normal,0
PIG0108,17,starter,1.58,15.44,0.815,-1.95,132.93,Normal,0
PIG0109,9,starter,1.36,18.11,1.861,14.97,431.71,Normal,0
PIG0110,15,starter,1.26,17.53,1.085,11.31,209.89,Normal,0
PIG0111,86,grower,1.26,34.79,0.39,-22.69,-35.03,Underweight,1
PIG0112,129,finisher,1.59,82.92,0.63,3.65,-15.94,Normal,0
PIG0113,6,starter,1.28,15.21,2.321,-3.45,563.12,Normal,0
PIG0114,139,finisher,1.78,80.17,0.564,0.21,-24.81,Normal,0
PIG0115,99,grower,1.71,44.15,0.429,-1.9,-28.57,Normal,0
PIG0116,99,grower,1.76,47.66,0.464,5.9,-22.73,Normal,0
PIG0117,126,finisher,1.44,68.52,0.532,-14.35,-29.02,Normal,0
PIG0118,64,starter,1.51,14.59,0.204,-7.35,-41.59,Normal,0
PIG0119,148,finisher,1.46,76.7,0.508,-4.13,-32.22,Normal,0
PIG0120,149,finisher,1.56,61.93,0.405,-22.59,-45.97,Underweight,1
PIG0121,101,grower,1.58,45.34,0.433,0.76,-27.79,Normal,0
PIG0122,69,starter,1.75,30.0,0.41,90.5,17.0,Overweight,2
PIG0123,126,finisher,1.6,39.97,0.305,-50.03,-59.39,Underweight,1
PIG0124,14,starter,1.59,16.21,1.044,2.93,198.33,Normal,0
PIG0125,136,finisher,1.78,106.24,0.768,32.8,2.4,Overweight,2
PIG0126,132,finisher,1.69,78.11,0.579,-2.36,-22.81,Normal,0
PIG0127,116,finisher,1.41,84.12,0.713,5.15,-4.93,Normal,0
PIG0128,62,starter,1.21,7.17,0.096,-54.51,-72.58,Underweight,1
PIG0129,99,grower,1.53,48.46,0.474,7.7,-20.98,Normal,0
PIG0130,86,grower,1.72,43.67,0.488,-2.97,-18.71,Normal,0
PIG0131,146,finisher,1.7,69.18,0.462,-13.53,-38.38,Normal,0
PIG0132,84,grower,1.8,42.08,0.48,-6.48,-20.07,Normal,0
PIG0133,118,finisher,1.22,53.27,0.441,-33.41,-41.18,Underweight,1
PIG0134,93,grower,1.61,65.85,0.691,46.33,15.12,Overweight,2
PIG0135,57,starter,1.28,11.47,0.179,-27.2,-48.94,Underweight,1
PIG0136,115,finisher,1.51,75.89,0.647,-5.14,-13.76,Normal,0
PIG0137,76,grower,1.67,47.17,0.599,4.81,-0.22,Normal,0
PIG0138,127,finisher,1.65,100.58,0.779,25.73,3.87,Overweight,2
PIG0139,87,grower,1.46,51.13,0.571,13.62,-4.85,Normal,0
PIG0140,2,starter,1.63,14.5,6.436,-7.94,1738.91,Normal,0
PIG0141,96,grower,1.49,50.69,0.512,12.63,-14.59,Normal,0
PIG0142,141,finisher,1.75,83.5,0.58,4.38,-22.69,Normal,0
PIG0143,15,starter,1.54,17.32,1.052,9.98,200.53,Normal,0
PIG0144,74,grower,1.47,51.54,0.677,14.52,12.76,Normal,0
PIG0145,40,starter,1.41,3.9,0.062,-75.24,-82.24,Underweight,1
PIG0146,112,finisher,1.73,90.74,0.795,13.42,5.96,Normal,0
PIG0147,31,starter,1.78,17.86,0.519,13.37,48.16,Normal,0
PIG0148,71,grower,1.48,49.3,0.673,9.55,12.24,Normal,0
PIG0149,54,starter,1.26,17.15,0.294,8.87,-15.96,Normal,0
PIG0150,21,starter,1.47,11.23,0.465,-28.68,32.82,Underweight,1
PIG0151,74,grower,1.75,23.07,0.288,-48.73,-51.99,Underweight,1
PIG0152,92,grower,1.34,38.99,0.409,-13.36,-31.79,Normal,0
PIG0153,28,starter,1.22,17.6,0.585,11.73,67.08,Normal,0
PIG0154,79,grower,1.45,40.73,0.497,-9.5,-17.15,Normal,0
PIG0155,13,starter,1.79,30.44,2.204,93.3,529.82,Overweight,2
PIG0156,1,starter,1.26,12.11,10.845,-23.12,2998.58,Underweight,1
PIG0157,82,grower,1.49,39.31,0.461,-12.65,-23.14,Normal,0
PIG0158,102,grower,1.76,50.06,0.473,11.24,-21.09,Normal,0
PIG0159,138,finisher,1.48,100.18,0.715,25.23,-4.64,Overweight,2
PIG0160,24,starter,1.35,1.45,0.004,-90.77,-98.81,Underweight,1
PIG0161,88,grower,1.47,50.37,0.556,11.94,-7.39,Normal,0
PIG0162,108,finisher,1.44,34.0,0.301,-57.5,-59.81,Underweight,1
PIG0163,57,starter,1.36,13.22,0.208,-16.05,-40.55,Underweight,1
PIG0164,67,starter,1.45,3.71,0.034,-76.47,-90.38,Underweight,1
PIG0165,4,starter,1.28,35.37,8.522,124.56,2334.75,Overweight,2
PIG0166,66,starter,1.26,17.24,0.242,9.48,-30.81,Normal,0
PIG0167,100,grower,1.26,43.91,0.427,-2.43,-28.92,Normal,0
PIG0168,83,grower,1.74,38.98,0.449,-13.37,-25.22,Normal,0
PIG0169,40,starter,1.59,10.57,0.224,-32.92,-35.92,Underweight,1
PIG0170,68,starter,1.47,9.88,0.124,-37.25,-64.64,Underweight,1
PIG0171,33,starter,1.58,15.1,0.409,-4.15,17.0,Normal,0
PIG0172,83,grower,1.22,34.58,0.402,-23.15,-33.01,Underweight,1
PIG0173,59,starter,1.56,25.56,0.407,62.26,16.22,Overweight,2
PIG0174,104,grower,1.45,39.51,0.366,-12.19,-39.0,Normal,0
PIG0175,21,starter,1.37,15.02,0.65,-4.64,85.75,Normal,0
PIG0176,29,starter,1.5,17.92,0.566,13.79,61.76,Normal,0
PIG0177,130,finisher,1.6,68.46,0.514,-14.43,-31.43,Normal,0
PIG0178,97,grower,1.21,25.38,0.249,-43.59,-58.47,Underweight,1
PIG0179,99,grower,1.45,25.09,0.239,-44.24,-60.2,Underweight,1
PIG0180,152,finisher,1.79,72.27,0.464,-9.66,-38.18,Normal,0
PIG0181,98,grower,1.24,28.63,0.279,-36.39,-53.43,Underweight,1
PIG0182,133,finisher,1.6,79.71,0.587,-0.36,-21.7,Normal,0
PIG0183,29,starter,1.75,7.08,0.184,-55.03,-47.44,Underweight,1
PIG0184,72,grower,1.75,25.29,0.327,-43.81,-45.52,Underweight,1
PIG0185,132,finisher,1.63,33.04,0.238,-58.7,-68.28,Underweight,1
PIG0186,57,starter,1.75,17.89,0.283,13.57,-19.11,Normal,0
PIG0187,84,grower,1.53,43.32,0.498,-3.73,-17.07,Normal,0
PIG0188,12,starter,1.48,14.82,1.112,-5.93,217.65,Normal,0
PIG0189,51,starter,1.44,30.87,0.577,95.97,64.83,Overweight,2
PIG0190,73,grower,1.25,65.39,0.879,45.32,46.45,Overweight,2
PIG0191,18,starter,1.27,21.37,1.117,35.68,219.1,Overweight,2
PIG0192,81,grower,1.37,51.38,0.617,14.19,2.9,Normal,0
PIG0193,28,starter,1.74,14.95,0.472,-5.07,34.85,Normal,0
PIG0194,47,starter,1.33,18.09,0.357,14.88,1.89,Normal,0
PIG0195,134,finisher,1.34,77.87,0.571,-2.67,-23.86,Normal,0
PIG0196,42,starter,1.42,16.71,0.364,6.07,3.99,Normal,0
PIG0197,23,starter,1.2,11.05,0.428,-29.83,22.33,Underweight,1
PIG0198,66,starter,1.59,1.69,0.002,-89.27,-99.57,Underweight,1
PIG0199,17,starter,1.42,10.87,0.556,-30.98,58.81,Underweight,1
PIG0200,76,grower,1.51,39.34,0.498,-12.58,-17.05,Normal,0
PIG0201,73,grower,1.7,19.58,0.245,-56.49,-59.17,Underweight,1
PIG0202,135,finisher,1.29,97.77,0.715,22.22,-4.71,Overweight,2
PIG0203,72,grower,1.52,29.71,0.391,-33.98,-34.75,Underweight,1
PIG0204,59,starter,1.23,13.45,0.207,-14.58,-40.79,Normal,0
PIG0205,72,grower,1.6,15.3,0.19,-65.99,-68.28,Underweight,1
PIG0206,99,grower,1.63,30.22,0.289,-32.86,-51.87,Underweight,1
PIG0207,31,starter,1.33,17.26,0.514,9.58,46.84,Normal,0
PIG0208,75,grower,1.72,18.58,0.225,-58.7,-62.53,Underweight,1
PIG0209,117,finisher,1.66,39.9,0.327,-50.12,-56.41,Underweight,1
PIG0210,53,starter,1.69,27.17,0.481,72.5,37.34,Overweight,2
PIG0211,103,grower,1.28,45.62,0.431,1.39,-28.24,Normal,0
PIG0212,38,starter,1.78,31.83,0.791,102.07,125.92,Overweight,2
PIG0213,43,starter,1.28,2.01,0.017,-87.22,-95.11,Underweight,1
PIG0214,102,grower,1.67,46.88,0.443,4.18,-26.13,Normal,0
PIG0215,40,starter,1.66,5.56,0.097,-64.72,-72.16,Underweight,1
PIG0216,75,grower,1.28,40.42,0.522,-10.17,-13.01,Normal,0
PIG0217,128,finisher,1.71,32.94,0.244,-58.83,-67.47,Underweight,1
PIG0218,22,starter,1.51,27.77,1.194,76.3,241.03,Overweight,2
PIG0219,89,grower,1.68,49.12,0.533,9.16,-11.15,Normal,0
PIG0220,32,starter,1.7,14.96,0.414,-5.0,18.42,Normal,0
PIG0221,87,grower,1.75,64.17,0.717,42.6,19.58,Overweight,2
PIG0222,95,grower,1.26,51.07,0.524,13.48,-12.63,Normal,0
PIG0223,60,starter,1.48,13.55,0.201,-13.95,-42.49,Normal,0
PIG0224,15,starter,1.53,15.5,0.931,-1.58,166.09,Normal,0
PIG0225,141,finisher,1.37,79.94,0.557,-0.07,-25.7,Normal,0
PIG0226,24,starter,1.32,1.42,0.004,-90.96,-98.81,Underweight,1
PIG0227,76,grower,1.37,36.55,0.463,-18.77,-22.85,Underweight,1
PIG0228,152,finisher,1.23,98.19,0.638,22.74,-14.95,Overweight,2
PIG0229,151,finisher,1.69,72.54,0.469,-9.33,-37.45,Normal,0
PIG0230,16,starter,1.51,13.97,0.779,-11.29,122.5,Normal,0
PIG0231,62,starter,1.79,17.75,0.257,12.7,-26.43,Normal,0
PIG0232,88,grower,1.75,44.37,0.484,-1.39,-19.27,Normal,0
PIG0233,53,starter,1.6,13.92,0.232,-11.59,-33.58,Normal,0
PIG0234,62,starter,1.7,28.96,0.44,83.86,25.6,Overweight,2
PIG0235,124,finisher,1.29,77.02,0.611,-3.72,-18.57,Normal,0
PIG0236,155,finisher,1.32,82.89,0.526,3.62,-29.83,Normal,0
PIG0237,92,grower,1.76,33.28,0.343,-26.04,-42.9,Underweight,1
PIG0238,72,grower,1.27,67.71,0.923,50.46,53.8,Overweight,2
PIG0239,49,starter,1.22,18.08,0.344,14.81,-1.66,Normal,0
PIG0240,66,starter,1.23,14.27,0.198,-9.38,-43.54,Normal,0
PIG0241,20,starter,1.65,30.07,1.421,90.93,306.07,Overweight,2
PIG0242,102,grower,1.35,41.69,0.395,-7.36,-34.09,Normal,0
PIG0243,79,grower,1.32,29.81,0.361,-33.76,-39.9,Underweight,1
PIG0244,42,starter,1.3,18.45,0.408,17.13,16.68,Overweight,2
PIG0245,117,finisher,1.32,82.24,0.692,2.8,-7.78,Normal,0
PIG0246,6,starter,1.27,14.53,2.21,-7.77,531.45,Normal,0
PIG0247,69,starter,1.38,14.08,0.184,-10.63,-47.42,Normal,0
PIG0248,94,grower,1.32,52.24,0.542,16.1,-9.71,Overweight,2
PIG0249,94,grower,1.35,19.77,0.196,-56.06,-67.33,Underweight,1
PIG0250,22,starter,1.74,14.63,0.586,-7.12,67.43,Normal,0
PIG0251,147,finisher,1.36,77.65,0.519,-2.93,-30.79,Normal,0
PIG0252,52,starter,1.44,17.04,0.3,8.19,-14.29,Normal,0
PIG0253,135,finisher,1.51,30.57,0.215,-61.79,-71.3,Underweight,1
PIG0254,112,finisher,1.62,76.8,0.671,-4.0,-10.5,Normal,0
PIG0255,52,starter,1.27,32.11,0.593,103.88,69.44,Overweight,2
PIG0256,77,grower,1.5,45.02,0.565,0.03,-5.8,Normal,0
PIG0257,90,grower,1.3,43.91,0.474,-2.42,-21.08,Normal,0
PIG0258,93,grower,1.75,45.6,0.471,1.32,-21.43,Normal,0
PIG0259,153,finisher,1.45,72.5,0.464,-9.37,-38.08,Normal,0
PIG0260,24,starter,1.48,14.98,0.563,-4.88,60.76,Normal,0
PIG0261,62,starter,1.43,17.72,0.263,12.53,-24.93,Normal,0
PIG0262,84,grower,1.33,49.75,0.576,10.55,-3.94,Normal,0
PIG0263,47,starter,1.5,20.0,0.394,26.96,12.44,Overweight,2
PIG0264,1,starter,1.76,15.98,14.226,1.48,3964.7,Normal,0
PIG0265,78,grower,1.35,49.64,0.619,10.31,3.18,Normal,0
PIG0266,18,starter,1.51,15.2,0.761,-3.48,117.4,Normal,0
PIG0267,102,grower,1.72,51.3,0.486,14.0,-18.99,Normal,0
PIG0268,93,grower,1.43,58.53,0.614,30.07,2.32,Overweight,2
PIG0269,130,finisher,1.38,56.12,0.421,-29.85,-43.85,Underweight,1
PIG0270,92,grower,1.67,44.8,0.469,-0.44,-21.86,Normal,0
PIG0271,143,finisher,1.54,68.32,0.467,-14.59,-37.73,Normal,0
PIG0272,85,grower,1.69,45.33,0.513,0.73,-14.43,Normal,0
PIG0273,86,grower,1.39,40.88,0.459,-9.17,-23.48,Normal,0
PIG0274,91,grower,1.25,31.14,0.328,-30.81,-45.26,Underweight,1
PIG0275,90,grower,1.42,40.86,0.438,-9.2,-26.95,Normal,0
PIG0276,108,finisher,1.61,99.26,0.904,24.07,20.56,Overweight,2
PIG0277,159,finisher,1.36,70.27,0.433,-12.17,-42.22,Normal,0
PIG0278,0,starter,1.31,14.74,0.0,-6.41,-100.0,Normal,0
PIG0279,51,starter,1.59,5.96,0.086,-62.14,-75.5,Underweight,1
PIG0280,21,starter,1.45,4.1,0.126,-73.98,-63.96,Underweight,1
PIG0281,144,finisher,1.51,81.66,0.557,2.08,-25.79,Normal,0
PIG0282,153,finisher,1.47,117.81,0.76,47.27,1.39,Overweight,2
PIG0283,35,starter,1.71,27.87,0.748,76.97,113.58,Overweight,2
PIG0284,98,grower,1.68,26.48,0.253,-41.16,-57.82,Underweight,1
PIG0285,41,starter,1.6,17.81,0.395,13.07,12.96,Normal,0
PIG0286,132,finisher,1.52,51.63,0.38,-35.46,-49.38,Underweight,1
PIG0287,148,finisher,1.26,84.56,0.563,5.71,-24.95,Normal,0
PIG0288,77,grower,1.58,31.93,0.394,-29.04,-34.3,Underweight,1
PIG0289,7,starter,1.45,9.4,1.136,-40.29,224.71,Underweight,1
PIG0290,153,finisher,1.54,46.5,0.294,-41.87,-60.81,Underweight,1
PIG0291,154,finisher,1.53,51.69,0.326,-35.39,-56.57,Underweight,1
PIG0292,121,finisher,1.73,75.55,0.61,-5.56,-18.66,Normal,0
PIG0293,96,grower,1.32,40.81,0.411,-9.31,-31.45,Normal,0
PIG0294,38,starter,1.45,17.71,0.428,12.46,22.24,Normal,0
PIG0295,137,finisher,1.36,96.53,0.695,20.67,-7.37,Overweight,2
PIG0296,53,starter,1.26,5.58,0.082,-64.55,-76.71,Underweight,1
PIG0297,131,finisher,1.31,39.38,0.291,-50.78,-61.25,Underweight,1
PIG0298,98,grower,1.57,23.63,0.225,-47.48,-62.48,Underweight,1
PIG0299,134,finisher,1.52,68.5,0.5,-14.37,-33.35,Normal,0
PIG0300,156,finisher,1.32,91.99,0.581,14.98,-22.51,Normal,0
PIG0301,103,grower,1.24,34.18,0.32,-24.05,-46.7,Underweight,1
PIG0302,154,finisher,1.22,82.41,0.527,3.02,-29.7,Normal,0
PIG0303,60,starter,1.44,15.03,0.226,-4.58,-35.31,Normal,0
PIG0304,29,starter,1.77,17.22,0.533,9.34,52.24,Normal,0
PIG0305,58,starter,1.36,31.15,0.514,97.76,46.75,Overweight,2
PIG0306,10,starter,1.59,30.93,2.934,96.37,738.28,Overweight,2
PIG0307,142,finisher,1.57,85.99,0.594,7.49,-20.73,Normal,0
PIG0308,108,finisher,1.49,30.37,0.267,-62.03,-64.34,Underweight,1
PIG0309,17,starter,1.5,2.79,0.076,-82.27,-78.2,Underweight,1
PIG0310,9,starter,1.62,15.22,1.511,-3.34,331.76,Normal,0
PIG0311,94,grower,1.45,45.33,0.467,0.73,-22.2,Normal,0
PIG0312,112,finisher,1.25,68.24,0.598,-14.7,-20.25,Normal,0
PIG0313,62,starter,1.37,4.24,0.046,-73.1,-86.8,Underweight,1
PIG0314,38,starter,1.32,18.81,0.46,19.43,31.47,Overweight,2
PIG0315,61,starter,1.71,12.99,0.185,-17.52,-47.15,Underweight,1
PIG0316,67,starter,1.33,3.08,0.026,-80.43,-92.51,Underweight,1
PIG0317,20,starter,1.21,5.31,0.205,-66.29,-41.5,Underweight,1
PIG0318,107,finisher,1.34,75.83,0.696,-5.22,-7.18,Normal,0
PIG0319,69,starter,1.5,16.76,0.221,6.44,-36.8,Normal,0
PIG0320,76,grower,1.68,57.52,0.735,27.82,22.45,Overweight,2
PIG0321,95,grower,1.62,20.49,0.199,-54.47,-66.9,Underweight,1
PIG0322,116,finisher,1.4,82.06,0.695,2.57,-7.29,Normal,0
PIG0323,30,starter,1.42,16.95,0.518,7.65,47.95,Normal,0
PIG0324,158,finisher,1.56,45.01,0.275,-43.74,-63.33,Underweight,1
PIG0325,74,grower,1.41,27.77,0.356,-38.29,-40.64,Underweight,1
PIG0326,95,grower,1.65,44.36,0.45,-1.43,-25.07,Normal,0
PIG0327,20,starter,1.78,1.88,0.005,-88.03,-98.57,Underweight,1
PIG0328,78,grower,1.54,70.85,0.889,57.44,48.09,Overweight,2
PIG0329,115,finisher,1.6,79.3,0.676,-0.88,-9.92,Normal,0
PIG0330,26,starter,1.41,16.67,0.587,5.85,67.67,Normal,0
PIG0331,100,grower,1.43,52.78,0.513,17.28,-14.43,Overweight,2
PIG0332,148,finisher,1.55,82.31,0.546,2.89,-27.24,Normal,0
PIG0333,81,grower,1.51,41.74,0.497,-7.25,-17.23,Normal,0
PIG0334,141,finisher,1.76,88.87,0.618,11.09,-17.63,Normal,0
PIG0335,150,finisher,1.23,49.73,0.323,-37.84,-56.89,Underweight,1
PIG0336,95,grower,1.42,48.04,0.491,6.76,-18.21,Normal,0
PIG0337,69,starter,1.49,17.25,0.228,9.55,-34.73,Normal,0
PIG0338,37,starter,1.62,9.48,0.213,-39.81,-39.27,Underweight,1
PIG0339,101,grower,1.6,46.88,0.448,4.18,-25.28,Normal,0
PIG0340,30,starter,1.55,15.51,0.465,-1.51,32.96,Normal,0
PIG0341,108,finisher,1.56,33.37,0.294,-58.29,-60.73,Underweight,1
PIG0342,98,grower,1.74,34.58,0.335,-23.14,-44.14,Underweight,1
PIG0343,17,starter,1.46,15.41,0.821,-2.13,134.48,Normal,0
PIG0344,96,grower,1.29,48.1,0.488,6.88,-18.74,Normal,0
PIG0345,71,grower,1.69,49.0,0.666,8.88,11.06,Normal,0
PIG0346,67,starter,1.4,2.65,0.019,-83.2,-94.68,Underweight,1
PIG0347,23,starter,1.68,13.69,0.522,-13.1,49.09,Normal,0
PIG0348,23,starter,1.51,19.04,0.762,20.89,117.72,Overweight,2
PIG0349,64,starter,1.34,23.76,0.35,50.83,0.07,Overweight,2
PIG0350,98,grower,1.61,49.04,0.484,8.97,-19.34,Normal,0
PIG0351,117,finisher,1.61,50.9,0.421,-36.37,-43.82,Underweight,1
PIG0352,156,finisher,1.42,44.23,0.274,-44.71,-63.41,Underweight,1
PIG0353,51,starter,1.34,17.41,0.315,10.54,-9.95,Normal,0
PIG0354,125,finisher,1.53,63.6,0.497,-20.5,-33.79,Underweight,1
PIG0355,21,starter,1.33,13.45,0.577,-14.62,64.84,Normal,0
PIG0356,47,starter,1.46,14.76,0.283,-6.26,-19.14,Normal,0
PIG0357,142,finisher,1.73,31.31,0.208,-60.87,-72.23,Underweight,1
PIG0358,92,grower,1.4,51.23,0.542,13.85,-9.73,Normal,0
PIG0359,125,finisher,1.2,78.0,0.614,-2.5,-18.08,Normal,0
PIG0360,36,starter,1.54,18.34,0.467,16.43,33.33,Overweight,2
PIG0361,65,starter,1.29,10.61,0.143,-32.64,-59.02,Underweight,1
PIG0362,80,grower,1.8,16.69,0.186,-62.91,-68.97,Underweight,1
PIG0363,110,finisher,1.37,41.32,0.363,-48.35,-51.58,Underweight,1
PIG0364,22,starter,1.78,14.23,0.566,-9.67,61.67,Normal,0
PIG0365,114,finisher,1.37,71.83,0.618,-10.21,-17.59,Normal,0
PIG0366,30,starter,1.78,16.03,0.475,1.79,35.7,Normal,0
PIG0367,85,grower,1.36,45.15,0.515,0.34,-14.13,Normal,0
PIG0368,121,finisher,1.3,74.89,0.608,-6.38,-18.9,Normal,0
PIG0369,134,finisher,1.39,35.14,0.252,-56.07,-66.41,Underweight,1
PIG0370,91,grower,1.5,48.09,0.512,6.88,-14.67,Normal,0
PIG0371,146,finisher,1.76,108.15,0.729,35.19,-2.85,Overweight,2
PIG0372,80,grower,1.38,42.53,0.514,-5.49,-14.28,Normal,0
PIG0373,98,grower,1.78,39.57,0.386,-12.06,-35.72,Normal,0
PIG0374,83,grower,1.55,23.33,0.262,-48.16,-56.27,Underweight,1
PIG0375,101,grower,1.69,68.52,0.662,52.27,10.28,Overweight,2
PIG0376,75,grower,1.26,47.25,0.613,5.0,2.2,Normal,0
PIG0377,107,finisher,1.28,90.38,0.833,12.98,11.03,Normal,0
PIG0378,114,finisher,1.69,64.68,0.553,-19.16,-26.33,Underweight,1
PIG0379,127,finisher,1.33,37.34,0.284,-53.33,-62.2,Underweight,1
PIG0380,0,starter,1.44,19.85,0.0,26.02,-100.0,Overweight,2
PIG0381,78,grower,1.76,43.52,0.535,-3.29,-10.77,Normal,0
PIG0382,10,starter,1.3,34.49,3.319,118.97,848.37,Overweight,2
PIG0383,25,starter,1.51,17.34,0.633,10.12,80.98,Normal,0
PIG0384,60,starter,1.56,14.46,0.215,-8.2,-38.57,Normal,0
PIG0385,122,finisher,1.61,33.99,0.265,-57.51,-64.62,Underweight,1
PIG0386,86,grower,1.37,64.75,0.737,43.89,22.84,Overweight,2
PIG0387,21,starter,1.72,3.67,0.093,-76.7,-73.53,Underweight,1
PIG0388,46,starter,1.44,16.12,0.319,2.34,-8.8,Normal,0
PIG0389,140,finisher,1.46,42.51,0.293,-46.86,-60.9,Underweight,1
PIG0390,58,starter,1.46,14.29,0.221,-9.27,-36.8,Normal,0
PIG0391,133,finisher,1.22,69.8,0.516,-12.75,-31.24,Normal,0
PIG0392,80,grower,1.2,54.3,0.664,20.68,10.63,Overweight,2
PIG0393,140,finisher,1.51,89.62,0.629,12.02,-16.08,Normal,0
PIG0394,152,finisher,1.65,70.68,0.454,-11.65,-39.45,Normal,0
PIG0395,57,starter,1.39,14.47,0.229,-8.11,-34.43,Normal,0
PIG0396,7,starter,1.59,13.63,1.721,-13.43,391.79,Normal,0
PIG0397,16,starter,1.68,17.66,0.998,12.1,185.27,Normal,0
PIG0398,10,starter,1.76,5.49,0.373,-65.16,6.61,Underweight,1
PIG0399,109,finisher,1.75,45.32,0.4,-43.34,-46.69,Underweight,1
PIG0400,153,finisher,1.3,116.68,0.754,45.85,0.54,Overweight,2
PIG0401,79,grower,1.43,48.0,0.589,6.66,-1.76,Normal,0
PIG0402,147,finisher,1.26,71.09,0.475,-11.14,-36.66,Normal,0
PIG0403,118,finisher,1.23,44.24,0.364,-44.7,-51.4,Underweight,1
PIG0404,118,finisher,1.69,111.11,0.927,38.88,23.64,Overweight,2
PIG0405,32,starter,1.66,14.47,0.4,-8.14,14.37,Normal,0
PIG0406,153,finisher,1.67,89.8,0.576,12.25,-23.2,Normal,0
PIG0407,11,starter,1.73,5.91,0.38,-62.46,8.57,Underweight,1
PIG0408,61,starter,1.77,15.28,0.221,-3.01,-36.76,Normal,0
PIG0409,120,finisher,1.72,84.59,0.691,5.74,-7.92,Normal,0
PIG0410,150,finisher,1.6,72.77,0.475,-9.03,-36.73,Normal,0
PIG0411,81,grower,1.3,43.02,0.515,-4.39,-14.15,Normal,0
PIG0412,65,starter,1.51,5.15,0.056,-67.29,-83.97,Underweight,1
PIG0413,56,starter,1.38,15.61,0.254,-0.88,-27.4,Normal,0
PIG0414,47,starter,1.71,5.1,0.072,-67.6,-79.39,Underweight,1
PIG0415,84,grower,1.74,44.4,0.508,-1.33,-15.35,Normal,0
PIG0416,144,finisher,1.57,72.48,0.492,-9.4,-34.34,Normal,0
PIG0417,112,finisher,1.61,76.31,0.667,-4.62,-11.08,Normal,0
PIG0418,117,finisher,1.61,68.37,0.571,-14.54,-23.91,Normal,0
PIG0419,25,starter,1.31,17.48,0.647,10.97,84.72,Normal,0
PIG0420,27,starter,1.24,22.32,0.78,41.68,122.98,Overweight,2
PIG0421,123,finisher,1.78,52.46,0.412,-34.42,-45.06,Underweight,1
PIG0422,74,grower,1.43,47.25,0.619,5.0,3.2,Normal,0
PIG0423,19,starter,1.58,17.47,0.836,10.9,138.88,Normal,0
PIG0424,135,finisher,1.47,83.93,0.611,4.91,-18.56,Normal,0
PIG0425,130,finisher,1.5,90.39,0.684,12.98,-8.84,Normal,0
PIG0426,48,starter,1.68,15.5,0.288,-1.57,-17.71,Normal,0
PIG0427,146,finisher,1.76,79.77,0.534,-0.29,-28.76,Normal,0
PIG0428,32,starter,1.47,5.79,0.135,-63.23,-61.44,Underweight,1
PIG0429,85,grower,1.51,32.75,0.368,-27.22,-38.75,Underweight,1
PIG0430,54,starter,1.4,14.53,0.243,-7.73,-30.53,Normal,0
PIG0431,128,finisher,1.42,82.96,0.637,3.7,-15.07,Normal,0
PIG0432,64,starter,1.23,33.77,0.508,114.43,45.26,Overweight,2
PIG0433,93,grower,1.35,44.46,0.464,-1.2,-22.75,Normal,0
PIG0434,18,starter,1.21,8.47,0.403,-46.22,15.22,Underweight,1
PIG0435,40,starter,1.8,16.96,0.379,7.68,8.31,Normal,0
PIG0436,101,grower,1.41,34.05,0.323,-24.33,-46.14,Underweight,1
PIG0437,37,starter,1.37,23.97,0.611,52.2,74.56,Overweight,2
PIG0438,115,finisher,1.31,79.67,0.681,-0.42,-9.16,Normal,0
PIG0439,80,grower,1.73,47.97,0.578,6.61,-3.65,Normal,0
PIG0440,155,finisher,1.61,86.9,0.55,8.63,-26.63,Normal,0
PIG0441,8,starter,1.21,2.16,0.12,-86.26,-65.82,Underweight,1
PIG0442,145,finisher,1.52,103.95,0.706,29.94,-5.81,Overweight,2
PIG0443,86,grower,1.24,40.58,0.457,-9.83,-23.77,Normal,0
PIG0444,155,finisher,1.48,36.03,0.223,-54.96,-70.27,Underweight,1
PIG0445,79,grower,1.79,32.65,0.391,-27.44,-34.89,Underweight,1
PIG0446,91,grower,1.66,50.85,0.541,13.01,-9.91,Normal,0
PIG0447,137,finisher,1.33,82.83,0.595,3.53,-20.69,Normal,0
PIG0448,138,finisher,1.34,87.69,0.626,9.61,-16.57,Normal,0
PIG0449,89,grower,1.51,42.49,0.46,-5.57,-23.25,Normal,0
PIG0450,104,grower,1.24,62.09,0.585,37.98,-2.49,Overweight,2
PIG0451,102,grower,1.23,61.27,0.589,36.16,-1.89,Overweight,2
PIG0452,12,starter,1.69,17.2,1.293,9.23,269.37,Normal,0
PIG0453,94,grower,1.49,67.45,0.702,49.9,16.97,Overweight,2
PIG0454,28,starter,1.34,17.07,0.562,8.4,60.54,Normal,0
PIG0455,115,finisher,1.49,72.22,0.615,-9.73,-17.99,Normal,0
PIG0456,69,starter,1.56,6.82,0.076,-56.7,-78.23,Underweight,1
PIG0457,73,grower,1.53,48.59,0.645,7.98,7.46,Normal,0
PIG0458,155,finisher,1.64,62.55,0.393,-21.81,-47.61,Underweight,1
PIG0459,48,starter,1.76,14.58,0.267,-7.42,-23.68,Normal,0
PIG0460,101,grower,1.45,70.07,0.679,55.71,13.23,Overweight,2
PIG0461,150,finisher,1.51,82.68,0.541,3.35,-27.85,Normal,0
PIG0462,87,grower,1.76,70.93,0.795,57.63,32.51,Overweight,2
PIG0463,10,starter,1.52,22.79,2.127,44.73,507.71,Overweight,2
PIG0464,147,finisher,1.27,104.32,0.701,30.39,-6.53,Overweight,2
PIG0465,9,starter,1.53,15.62,1.566,-0.8,347.56,Normal,0
PIG0466,84,grower,1.6,49.31,0.568,9.58,-5.33,Normal,0
PIG0467,112,finisher,1.56,60.71,0.528,-24.12,-29.59,Underweight,1
PIG0468,38,starter,1.72,17.23,0.408,9.37,16.61,Normal,0
PIG0469,106,finisher,1.7,109.89,1.021,37.37,36.09,Overweight,2
PIG0470,87,grower,1.23,47.98,0.537,6.61,-10.45,Normal,0
PIG0471,81,grower,1.4,24.32,0.283,-45.95,-52.83,Underweight,1
PIG0472,30,starter,1.25,15.21,0.465,-3.41,33.0,Normal,0
PIG0473,75,grower,1.28,40.24,0.52,-10.58,-13.41,Normal,0
PIG0474,29,starter,1.46,13.14,0.403,-16.59,15.06,Underweight,1
PIG0475,95,grower,1.23,46.65,0.478,3.68,-20.31,Normal,0
PIG0476,29,starter,1.71,35.11,1.152,122.92,229.03,Overweight,2
PIG0477,82,grower,1.63,39.68,0.464,-11.82,-22.66,Normal,0
PIG0478,102,grower,1.55,65.13,0.623,44.74,3.89,Overweight,2
PIG0479,49,starter,1.58,15.42,0.282,-2.09,-19.32,Normal,0
PIG0480,16,starter,1.6,14.6,0.812,-7.3,132.11,Normal,0
PIG0481,155,finisher,1.67,91.2,0.578,14.01,-22.98,Normal,0
PIG0482,86,grower,1.36,47.27,0.534,5.06,-11.01,Normal,0
PIG0483,121,finisher,1.59,90.77,0.737,13.47,-1.73,Normal,0
PIG0484,16,starter,1.56,14.37,0.8,-8.76,128.66,Normal,0
PIG0485,127,finisher,1.33,37.04,0.281,-53.71,-62.51,Underweight,1
PIG0486,102,grower,1.53,39.01,0.367,-13.31,-38.76,Normal,0
PIG0487,6,starter,1.75,17.93,2.695,13.82,670.14,Normal,0
PIG0488,35,starter,1.7,15.39,0.391,-2.26,11.81,Normal,0
PIG0489,21,starter,1.61,7.7,0.29,-51.13,-17.11,Underweight,1
PIG0490,74,grower,1.3,53.7,0.708,19.34,18.03,Overweight,2
PIG0491,87,grower,1.77,50.07,0.555,11.26,-7.47,Normal,0
PIG0492,106,finisher,1.59,72.67,0.671,-9.16,-10.6,Normal,0
PIG0493,126,finisher,1.5,37.03,0.282,-53.71,-62.39,Underweight,1
PIG0494,107,finisher,1.51,78.14,0.716,-2.32,-4.51,Normal,0
PIG0495,66,starter,1.42,16.62,0.23,5.5,-34.2,Normal,0
PIG0496,92,grower,1.79,30.67,0.314,-31.84,-47.68,Underweight,1
PIG0497,32,starter,1.74,15.03,0.416,-4.54,18.73,Normal,0
PIG0498,136,finisher,1.21,49.96,0.358,-37.55,-52.21,Underweight,1
PIG0499,18,starter,1.28,16.65,0.854,5.69,143.95,Normal,0
PIG0500,11,starter,1.54,15.11,1.233,-4.09,252.26,Normal,0
PIG0501,35,starter,1.5,13.72,0.349,-12.86,-0.19,Normal,0
PIG0502,67,starter,1.47,17.29,0.236,9.75,-32.54,Normal,0
PIG0503,88,grower,1.72,40.86,0.445,-9.21,-25.88,Normal,0
PIG0504,63,starter,1.32,5.62,0.068,-64.31,-80.48,Underweight,1
PIG0505,74,grower,1.52,16.26,0.199,-63.87,-66.8,Underweight,1
PIG0506,128,finisher,1.37,72.64,0.557,-9.2,-25.76,Normal,0
PIG0507,0,starter,1.74,14.46,0.0,-8.17,-100.0,Normal,0
PIG0508,60,starter,1.75,6.37,0.077,-59.53,-77.96,Underweight,1
PIG0509,138,finisher,1.4,50.74,0.357,-36.58,-52.34,Underweight,1
PIG0510,20,starter,1.7,17.61,0.795,11.78,127.21,Normal,0
PIG0511,94,grower,1.5,42.17,0.433,-6.28,-27.88,Normal,0
PIG0512,157,finisher,1.34,79.51,0.498,-0.62,-33.61,Normal,0
PIG0513,84,grower,1.74,34.8,0.394,-22.66,-34.4,Underweight,1
PIG0514,156,finisher,1.57,87.63,0.552,9.54,-26.44,Normal,0
PIG0515,30,starter,1.51,15.74,0.474,-0.08,35.51,Normal,0
PIG0516,80,grower,1.53,39.53,0.475,-12.15,-20.82,Normal,0
PIG0517,48,starter,1.46,15.29,0.288,-2.89,-17.67,Normal,0
PIG0518,103,grower,1.69,69.7,0.66,54.89,10.05,Overweight,2
PIG0519,127,finisher,1.62,74.52,0.574,-6.85,-23.46,Normal,0
PIG0520,52,starter,1.24,22.04,0.4,39.96,14.29,Overweight,2
PIG0521,74,grower,1.7,40.0,0.518,-11.11,-13.73,Normal,0
PIG0522,96,grower,1.61,50.18,0.506,11.51,-15.67,Normal,0
PIG0523,78,grower,1.7,52.65,0.653,16.99,8.86,Overweight,2
PIG0524,61,starter,1.4,16.92,0.254,7.45,-27.3,Normal,0
PIG0525,156,finisher,1.63,65.68,0.411,-17.9,-45.26,Underweight,1
PIG0526,108,finisher,1.63,88.3,0.802,10.38,7.0,Normal,0
PIG0527,91,grower,1.27,45.0,0.481,0.01,-19.91,Normal,0
PIG0528,126,finisher,1.67,77.71,0.603,-2.86,-19.54,Normal,0
PIG0529,95,grower,1.72,24.53,0.24,-45.49,-59.99,Underweight,1
PIG0530,134,finisher,1.23,39.4,0.285,-50.75,-62.02,Underweight,1
PIG0531,108,finisher,1.26,48.62,0.439,-39.22,-41.53,Underweight,1
PIG0532,122,finisher,1.58,72.53,0.582,-9.34,-22.46,Normal,0
PIG0533,92,grower,1.54,15.65,0.153,-65.22,-74.44,Underweight,1
PIG0534,77,grower,1.63,50.32,0.632,11.82,5.39,Normal,0
PIG0535,137,finisher,1.36,33.5,0.235,-58.13,-68.73,Underweight,1
PIG0536,119,finisher,1.62,77.89,0.641,-2.64,-14.55,Normal,0
PIG0537,42,starter,1.75,9.13,0.176,-42.01,-49.77,Underweight,1
PIG0538,79,grower,1.61,26.15,0.311,-41.88,-48.21,Underweight,1
PIG0539,86,grower,1.64,39.25,0.437,-12.77,-27.11,Normal,0
PIG0540,54,starter,1.23,35.96,0.643,128.3,83.75,Overweight,2
PIG0541,159,finisher,1.33,91.94,0.57,14.92,-24.01,Normal,0
PIG0542,39,starter,1.31,4.65,0.086,-70.47,-75.5,Underweight,1
PIG0543,144,finisher,1.31,42.52,0.286,-46.86,-61.85,Underweight,1
PIG0544,52,starter,1.31,25.31,0.462,60.71,31.89,Overweight,2
PIG0545,51,starter,1.58,17.76,0.317,12.79,-9.35,Normal,0
PIG0546,118,finisher,1.72,35.85,0.289,-55.19,-61.43,Underweight,1
PIG0547,92,grower,1.59,60.92,0.645,35.38,7.48,Overweight,2
PIG0548,144,finisher,1.55,80.66,0.549,0.82,-26.75,Normal,0
PIG0549,110,finisher,1.6,75.84,0.675,-5.2,-10.01,Normal,0
PIG0550,93,grower,1.53,71.49,0.752,58.87,25.37,Overweight,2
PIG0551,54,starter,1.36,16.64,0.283,5.67,-19.12,Normal,0
PIG0552,79,grower,1.61,15.46,0.175,-65.65,-70.79,Underweight,1
PIG0553,148,finisher,1.69,58.02,0.381,-27.47,-49.25,Underweight,1
PIG0554,118,finisher,1.63,88.4,0.735,10.5,-1.96,Normal,0
PIG0555,110,finisher,1.38,84.11,0.752,5.14,0.28,Normal,0
PIG0556,65,starter,1.7,17.0,0.235,7.95,-32.75,Normal,0
PIG0557,46,starter,1.73,15.83,0.307,0.53,-12.4,Normal,0
PIG0558,101,grower,1.51,41.85,0.399,-6.99,-33.43,Normal,0
PIG0559,108,finisher,1.52,47.95,0.43,-40.07,-42.68,Underweight,1
PIG0560,42,starter,1.39,17.35,0.38,10.14,8.57,Normal,0
PIG0561,18,starter,1.73,2.33,0.034,-85.19,-90.42,Underweight,1
PIG0562,96,grower,1.74,47.85,0.48,6.34,-19.94,Normal,0
PIG0563,13,starter,1.62,5.0,0.26,-68.28,-25.74,Underweight,1
PIG0564,8,starter,1.22,14.51,1.661,-7.89,374.56,Normal,0
PIG0565,101,grower,1.77,50.7,0.484,12.67,-19.26,Normal,0
PIG0566,83,grower,1.23,40.65,0.475,-9.68,-20.86,Normal,0
PIG0567,65,starter,1.28,15.39,0.217,-2.26,-37.98,Normal,0
PIG0568,148,finisher,1.68,91.03,0.604,13.79,-19.51,Normal,0
PIG0569,72,grower,1.25,35.85,0.481,-20.33,-19.91,Underweight,1
PIG0570,27,starter,1.55,16.57,0.556,5.23,59.0,Normal,0
PIG0571,50,starter,1.48,2.89,0.028,-81.67,-91.95,Underweight,1
PIG0572,107,finisher,1.75,78.7,0.719,-1.63,-4.12,Normal,0
PIG0573,133,finisher,1.51,54.91,0.402,-31.36,-46.47,Underweight,1
PIG0574,123,finisher,1.74,82.73,0.659,3.42,-12.2,Normal,0
PIG0575,42,starter,1.63,8.55,0.165,-45.74,-52.94,Underweight,1
PIG0576,54,starter,1.7,4.98,0.061,-68.4,-82.68,Underweight,1
PIG0577,92,grower,1.35,42.76,0.45,-4.97,-24.98,Normal,0
PIG0578,45,starter,1.74,15.54,0.307,-1.33,-12.37,Normal,0
PIG0579,24,starter,1.58,14.77,0.55,-6.19,57.05,Normal,0
PIG0580,92,grower,1.5,23.94,0.244,-46.81,-59.35,Underweight,1
PIG0581,32,starter,1.46,9.82,0.261,-37.62,-25.29,Underweight,1
PIG0582,69,starter,1.71,3.08,0.02,-80.45,-94.35,Underweight,1
PIG0583,23,starter,1.47,4.72,0.141,-70.01,-59.62,Underweight,1
PIG0584,101,grower,1.63,57.29,0.551,27.31,-8.16,Overweight,2
PIG0585,59,starter,1.49,15.1,0.231,-4.12,-34.08,Normal,0
PIG0586,72,grower,1.76,63.42,0.856,40.94,42.73,Overweight,2
PIG0587,87,grower,1.52,27.69,0.301,-38.46,-49.87,Underweight,1
PIG0588,117,finisher,1.77,81.46,0.681,1.82,-9.18,Normal,0
PIG0589,31,starter,1.28,1.38,0.003,-91.27,-99.08,Underweight,1
PIG0590,71,grower,1.32,68.8,0.95,52.9,58.4,Overweight,2
PIG0591,83,grower,1.24,49.33,0.579,9.62,-3.43,Normal,0
PIG0592,86,grower,1.22,54.54,0.62,21.21,3.34,Overweight,2
PIG0593,77,grower,1.67,44.94,0.562,-0.13,-6.35,Normal,0
PIG0594,83,grower,1.6,60.31,0.707,34.01,17.89,Overweight,2
PIG0595,55,starter,1.58,17.99,0.298,14.19,-14.76,Normal,0
PIG0596,17,starter,1.79,16.22,0.849,2.99,142.53,Normal,0
PIG0597,112,finisher,1.76,107.37,0.943,34.21,25.72,Overweight,2
PIG0598,92,grower,1.59,38.98,0.406,-13.38,-32.26,Normal,0
PIG0599,87,grower,1.51,26.27,0.285,-41.63,-52.57,Underweight,1
PIG0600,120,finisher,1.44,77.6,0.635,-3.0,-15.37,Normal,0
PIG0601,26,starter,1.68,15.71,0.539,-0.28,54.12,Normal,0
PIG0602,143,finisher,1.49,89.24,0.614,11.55,-18.19,Normal,0
PIG0603,89,grower,1.36,16.01,0.165,-64.43,-72.57,Underweight,1
PIG0604,129,finisher,1.38,33.26,0.247,-58.43,-67.05,Underweight,1
PIG0605,143,finisher,1.64,84.31,0.578,5.39,-22.91,Normal,0
PIG0606,79,grower,1.61,39.79,0.483,-11.59,-19.46,Normal,0
PIG0607,103,grower,1.46,52.94,0.5,17.65,-16.7,Overweight,2
PIG0608,35,starter,1.58,16.36,0.422,3.86,20.63,Normal,0
PIG0609,13,starter,1.64,18.01,1.259,14.32,259.76,Normal,0
PIG0610,32,starter,1.27,16.15,0.465,2.56,32.85,Normal,0
PIG0611,86,grower,1.23,29.77,0.332,-33.84,-44.69,Underweight,1
PIG0612,16,starter,1.43,16.34,0.932,3.75,166.28,Normal,0
PIG0613,124,finisher,1.37,94.52,0.751,18.15,0.16,Overweight,2
PIG0614,73,grower,1.7,69.62,0.931,54.72,55.08,Overweight,2
PIG0615,148,finisher,1.22,101.37,0.677,26.71,-9.78,Overweight,2
PIG0616,67,starter,1.74,13.51,0.176,-14.22,-49.8,Normal,0
PIG0617,99,grower,1.45,71.66,0.709,59.24,18.19,Overweight,2
PIG0618,100,grower,1.21,50.6,0.494,12.45,-17.68,Normal,0
PIG0619,79,grower,1.65,31.17,0.374,-30.73,-37.73,Underweight,1
PIG0620,26,starter,1.33,17.08,0.606,8.46,73.08,Normal,0
PIG0621,140,finisher,1.38,35.1,0.241,-56.13,-67.89,Underweight,1
PIG0622,91,grower,1.36,39.83,0.423,-11.5,-29.56,Normal,0
PIG0623,50,starter,1.47,20.12,0.373,27.76,6.57,Overweight,2
PIG0624,147,finisher,1.41,95.57,0.641,19.47,-14.59,Overweight,2
PIG0625,90,grower,1.35,15.91,0.162,-64.65,-73.05,Underweight,1
PIG0626,109,finisher,1.71,80.53,0.723,0.66,-3.58,Normal,0
PIG0627,78,grower,1.48,25.4,0.307,-43.55,-48.89,Underweight,1
PIG0628,115,finisher,1.35,82.14,0.703,2.67,-6.33,Normal,0
PIG0629,104,grower,1.7,45.33,0.42,0.73,-30.07,Normal,0
PIG0630,149,finisher,1.59,70.62,0.463,-11.72,-38.22,Normal,0
PIG0631,151,finisher,1.67,87.49,0.568,9.36,-24.22,Normal,0
PIG0632,77,grower,1.79,38.8,0.481,-13.77,-19.88,Normal,0
PIG0633,138,finisher,1.26,31.16,0.217,-61.05,-71.11,Underweight,1
PIG0634,159,finisher,1.28,91.05,0.565,13.81,-24.72,Normal,0
PIG0635,83,grower,1.66,40.72,0.471,-9.5,-21.57,Normal,0
PIG0636,92,grower,1.53,20.86,0.21,-53.64,-64.98,Underweight,1
PIG0637,126,finisher,1.78,79.55,0.617,-0.57,-17.71,Normal,0
PIG0638,16,starter,1.33,14.0,0.792,-11.1,126.35,Normal,0
PIG0639,107,finisher,1.61,39.3,0.352,-50.88,-53.04,Underweight,1
PIG0640,85,grower,1.52,71.04,0.818,57.86,36.31,Overweight,2
PIG0641,79,grower,1.64,61.07,0.752,35.71,25.37,Overweight,2
PIG0642,101,grower,1.71,41.49,0.394,-7.81,-34.36,Normal,0
PIG0643,99,grower,1.79,50.47,0.492,12.16,-18.04,Normal,0
PIG0644,59,starter,1.46,10.94,0.161,-30.56,-54.13,Underweight,1
PIG0645,119,finisher,1.43,117.57,0.976,46.96,30.13,Overweight,2
PIG0646,141,finisher,1.65,48.59,0.333,-39.27,-55.61,Underweight,1
PIG0647,42,starter,1.21,14.95,0.327,-5.07,-6.53,Normal,0
PIG0648,114,finisher,1.35,80.72,0.696,0.9,-7.17,Normal,0
PIG0649,10,starter,1.79,14.99,1.319,-4.86,276.98,Normal,0
PIG0650,60,starter,1.22,16.07,0.247,2.01,-29.3,Normal,0
PIG0651,75,grower,1.67,42.44,0.544,-5.68,-9.4,Normal,0
PIG0652,99,grower,1.52,39.87,0.387,-11.39,-35.44,Normal,0
PIG0653,156,finisher,1.22,56.36,0.353,-29.55,-52.87,Underweight,1
PIG0654,55,starter,1.67,14.53,0.234,-7.75,-33.19,Normal,0
PIG0655,74,grower,1.26,67.94,0.901,50.98,50.18,Overweight,2
PIG0656,33,starter,1.43,17.09,0.474,8.5,35.56,Normal,0
PIG0657,139,finisher,1.49,64.88,0.456,-18.9,-39.2,Underweight,1
PIG0658,53,starter,1.23,6.19,0.094,-60.67,-73.25,Underweight,1
PIG0659,67,starter,1.59,14.52,0.193,-7.79,-44.85,Normal,0
PIG0660,76,grower,1.79,40.06,0.504,-10.98,-16.07,Normal,0
PIG0661,46,starter,1.2,13.71,0.272,-12.93,-22.3,Normal,0
PIG0662,117,finisher,1.29,90.47,0.762,13.08,1.63,Normal,0
PIG0663,80,grower,1.21,47.64,0.58,5.86,-3.28,Normal,0
PIG0664,28,starter,1.61,9.28,0.274,-41.07,-21.76,Underweight,1
PIG0665,32,starter,1.76,16.53,0.461,4.92,31.81,Normal,0
PIG0666,63,starter,1.77,17.52,0.25,11.25,-28.56,Normal,0
PIG0667,112,finisher,1.66,81.39,0.712,1.73,-5.08,Normal,0
PIG0668,90,grower,1.26,37.31,0.401,-17.08,-33.24,Underweight,1
PIG0669,159,finisher,1.3,76.2,0.471,-4.74,-37.18,Normal,0
PIG0670,24,starter,1.42,16.17,0.615,2.68,75.67,Normal,0
PIG0671,85,grower,1.39,42.63,0.485,-5.27,-19.14,Normal,0
PIG0672,31,starter,1.35,20.07,0.604,27.45,72.55,Overweight,2
PIG0673,55,starter,1.21,14.96,0.25,-5.01,-28.59,Normal,0
PIG0674,73,grower,1.75,36.01,0.469,-19.98,-21.78,Underweight,1
PIG0675,123,finisher,1.32,91.91,0.736,14.88,-1.81,Normal,0
PIG0676,16,starter,1.79,10.65,0.554,-32.36,58.3,Underweight,1
PIG0677,30,starter,1.49,18.89,0.58,19.91,65.72,Overweight,2
PIG0678,38,starter,1.56,17.24,0.413,9.47,17.88,Normal,0
PIG0679,28,starter,1.55,16.89,0.548,7.27,56.54,Normal,0
PIG0680,101,grower,1.28,19.09,0.176,-57.58,-70.62,Underweight,1
PIG0681,6,starter,1.72,16.16,2.407,2.63,587.65,Normal,0
PIG0682,117,finisher,1.74,63.39,0.527,-20.76,-29.75,Underweight,1
PIG0683,90,grower,1.62,40.81,0.435,-9.32,-27.43,Normal,0
PIG0684,117,finisher,1.7,111.79,0.941,39.74,25.46,Overweight,2
PIG0685,44,starter,1.67,16.74,0.342,6.26,-2.19,Normal,0
PIG0686,0,starter,1.32,14.98,0.0,-4.87,-100.0,Normal,0
PIG0687,73,grower,1.57,64.87,0.867,44.16,44.52,Overweight,2
PIG0688,108,finisher,1.44,88.81,0.809,11.01,7.86,Normal,0
PIG0689,149,finisher,1.24,72.43,0.478,-9.46,-36.29,Normal,0
PIG0690,8,starter,1.46,17.29,1.978,9.76,465.08,Normal,0
PIG0691,20,starter,1.72,16.9,0.759,7.33,116.94,Normal,0
PIG0692,84,grower,1.28,24.08,0.272,-46.48,-54.75,Underweight,1
PIG0693,16,starter,1.48,11.0,0.595,-30.14,70.1,Underweight,1
PIG0694,97,grower,1.22,50.13,0.504,11.39,-15.96,Normal,0
PIG0695,5,starter,1.22,16.44,3.045,4.4,769.89,Normal,0
PIG0696,148,finisher,1.7,86.3,0.572,7.88,-23.78,Normal,0
PIG0697,124,finisher,1.37,69.24,0.547,-13.45,-27.02,Normal,0
PIG0698,63,starter,1.71,13.44,0.186,-14.69,-46.8,Normal,0
PIG0699,74,grower,1.66,48.91,0.639,8.7,6.43,Normal,0
PIG0700,92,grower,1.24,47.55,0.503,5.68,-16.09,Normal,0
PIG0701,88,grower,1.55,40.56,0.443,-9.88,-26.12,Normal,0
PIG0702,38,starter,1.45,14.19,0.335,-9.88,-4.21,Normal,0
PIG0703,82,grower,1.7,30.29,0.349,-32.68,-41.88,Underweight,1
PIG0704,118,finisher,1.56,82.54,0.686,3.18,-8.49,Normal,0
PIG0705,18,starter,1.65,13.69,0.669,-13.06,91.19,Normal,0
PIG0706,99,grower,1.72,62.08,0.61,37.96,1.63,Overweight,2
PIG0707,150,finisher,1.71,87.98,0.575,9.97,-23.31,Normal,0
PIG0708,142,finisher,1.34,77.12,0.534,-3.6,-28.85,Normal,0
PIG0709,93,grower,1.66,69.78,0.732,55.06,22.08,Overweight,2
PIG0710,40,starter,1.29,3.92,0.066,-75.14,-81.25,Underweight,1
PIG0711,69,starter,1.28,13.94,0.184,-11.49,-47.57,Normal,0
PIG0712,137,finisher,1.72,85.11,0.609,6.38,-18.85,Normal,0
PIG0713,24,starter,1.72,22.64,0.872,43.78,149.14,Overweight,2
PIG0714,97,grower,1.6,48.34,0.482,7.42,-19.7,Normal,0
PIG0715,24,starter,1.36,4.01,0.111,-74.53,-68.39,Underweight,1
PIG0716,153,finisher,1.27,55.05,0.352,-31.18,-53.13,Underweight,1
PIG0717,54,starter,1.75,31.37,0.549,99.18,56.72,Overweight,2
PIG0718,15,starter,1.4,34.25,2.19,117.48,525.82,Overweight,2
PIG0719,13,starter,1.8,15.45,1.05,-1.9,200.09,Normal,0
PIG0720,86,grower,1.78,38.55,0.428,-14.32,-28.73,Normal,0
PIG0721,19,starter,1.3,30.77,1.551,95.35,343.09,Overweight,2
PIG0722,46,starter,1.44,13.91,0.271,-11.69,-22.52,Normal,0
PIG0723,83,grower,1.22,48.56,0.57,7.92,-4.93,Normal,0
PIG0724,35,starter,1.69,15.6,0.398,-0.94,13.6,Normal,0
PIG0725,132,finisher,1.37,78.24,0.582,-2.2,-22.36,Normal,0
PIG0726,64,starter,1.39,14.85,0.21,-5.72,-39.91,Normal,0
PIG0727,58,starter,1.67,15.09,0.231,-4.2,-33.91,Normal,0
PIG0728,122,finisher,1.31,56.51,0.452,-29.36,-39.67,Underweight,1
PIG0729,75,grower,1.29,44.78,0.58,-0.5,-3.36,Normal,0
PIG0730,14,starter,1.71,15.39,0.978,-2.27,179.29,Normal,0
PIG0731,5,starter,1.26,16.68,3.084,5.93,781.1,Normal,0
PIG0732,91,grower,1.61,35.74,0.375,-20.58,-37.49,Underweight,1
PIG0733,48,starter,1.44,2.65,0.025,-83.18,-92.83,Underweight,1
PIG0734,13,starter,1.73,17.54,1.216,11.34,247.34,Normal,0
PIG0735,75,grower,1.28,63.98,0.836,42.17,39.34,Overweight,2
PIG0736,51,starter,1.68,2.19,0.01,-86.08,-97.14,Underweight,1
PIG0737,134,finisher,1.25,45.37,0.329,-43.29,-56.1,Underweight,1
PIG0738,86,grower,1.24,32.6,0.365,-27.55,-39.22,Underweight,1
PIG0739,158,finisher,1.45,111.4,0.696,39.25,-7.22,Overweight,2
PIG0740,148,finisher,1.53,117.28,0.782,46.6,4.28,Overweight,2
PIG0741,98,grower,1.44,42.12,0.415,-6.39,-30.8,Normal,0
PIG0742,66,starter,1.8,14.94,0.199,-5.14,-43.11,Normal,0
PIG0743,79,grower,1.24,48.62,0.6,8.05,-0.03,Normal,0
PIG0744,136,finisher,1.48,88.97,0.643,11.21,-14.23,Normal,0
PIG0745,110,finisher,1.52,71.48,0.636,-10.65,-15.2,Normal,0
PIG0746,129,finisher,1.74,50.19,0.376,-37.26,-49.92,Underweight,1
PIG0747,79,grower,1.42,38.27,0.466,-14.96,-22.26,Normal,0
PIG0748,96,grower,1.72,44.35,0.444,-1.45,-25.99,Normal,0
PIG0749,85,grower,1.25,40.34,0.46,-10.36,-23.35,Normal,0
PIG0750,93,grower,1.75,54.3,0.565,20.67,-5.82,Overweight,2
PIG0751,11,starter,1.66,16.43,1.343,4.32,283.77,Normal,0
PIG0752,59,starter,1.31,17.4,0.273,10.45,-22.09,Normal,0
PIG0753,33,starter,1.68,14.61,0.392,-7.21,11.99,Normal,0
PIG0754,92,grower,1.74,51.46,0.54,14.35,-9.92,Normal,0
PIG0755,108,finisher,1.77,89.29,0.81,11.61,8.05,Normal,0
PIG0756,94,grower,1.46,41.83,0.429,-7.05,-28.42,Normal,0
PIG0757,104,grower,1.38,63.85,0.601,41.9,0.11,Overweight,2
PIG0758,91,grower,1.32,41.33,0.44,-8.17,-26.73,Normal,0
PIG0759,104,grower,1.46,50.36,0.47,11.91,-21.64,Normal,0
PIG0760,80,grower,1.73,43.81,0.526,-2.64,-12.32,Normal,0
PIG0761,7,starter,1.78,14.2,1.775,-9.85,407.03,Normal,0
PIG0762,88,grower,1.69,54.89,0.605,21.98,0.77,Overweight,2
PIG0763,72,grower,1.22,45.0,0.608,-0.01,1.33,Normal,0
PIG0764,87,grower,1.52,38.37,0.424,-14.72,-29.4,Normal,0
PIG0765,116,finisher,1.73,84.48,0.713,5.6,-4.89,Normal,0
PIG0766,92,grower,1.25,40.79,0.43,-9.36,-28.38,Normal,0
PIG0767,103,grower,1.36,45.26,0.426,0.57,-28.97,Normal,0
PIG0768,73,grower,1.24,60.43,0.811,34.29,35.14,Overweight,2
PIG0769,80,grower,1.58,29.78,0.353,-33.83,-41.25,Underweight,1
PIG0770,118,finisher,1.65,69.63,0.576,-12.97,-23.19,Normal,0
PIG0771,139,finisher,1.5,60.99,0.428,-23.77,-42.94,Underweight,1
PIG0772,124,finisher,1.71,84.6,0.668,5.75,-10.87,Normal,0
PIG0773,130,finisher,1.69,56.07,0.418,-29.91,-44.23,Underweight,1
PIG0774,135,finisher,1.72,45.02,0.321,-43.72,-57.23,Underweight,1
PIG0775,23,starter,1.59,14.11,0.544,-10.41,55.48,Normal,0
PIG0776,113,finisher,1.47,91.57,0.797,14.46,6.31,Normal,0
PIG0777,78,grower,1.46,40.41,0.499,-10.19,-16.76,Normal,0
PIG0778,14,starter,1.23,15.77,1.039,0.14,196.74,Normal,0
PIG0779,66,starter,1.49,30.82,0.444,95.69,26.98,Overweight,2
PIG0780,159,finisher,1.67,43.44,0.263,-45.7,-64.97,Underweight,1
PIG0781,62,starter,1.33,13.48,0.196,-14.41,-43.99,Normal,0
PIG0782,98,grower,1.35,46.22,0.458,2.71,-23.69,Normal,0
PIG0783,36,starter,1.28,14.19,0.359,-9.9,2.5,Normal,0
PIG0784,58,starter,1.53,17.87,0.282,13.43,-19.55,Normal,0
PIG0785,4,starter,1.34,4.98,0.91,-68.38,160.14,Underweight,1
PIG0786,51,starter,1.39,15.45,0.276,-1.92,-21.26,Normal,0
PIG0787,93,grower,1.5,17.0,0.167,-62.22,-72.22,Underweight,1
PIG0788,75,grower,1.78,46.72,0.599,3.83,-0.13,Normal,0
PIG0789,90,grower,1.44,45.09,0.485,0.2,-19.17,Normal,0
PIG0790,43,starter,1.35,18.07,0.389,14.76,11.1,Normal,0
PIG0791,94,grower,1.37,45.3,0.467,0.66,-22.12,Normal,0
PIG0792,44,starter,1.56,13.56,0.273,-13.9,-22.1,Normal,0
PIG0793,103,grower,1.63,23.15,0.209,-48.57,-65.18,Underweight,1
PIG0794,73,grower,1.34,21.87,0.281,-51.39,-53.12,Underweight,1
PIG0795,128,finisher,1.73,83.61,0.64,4.51,-14.71,Normal,0
PIG0796,69,starter,1.71,1.81,0.001,-88.54,-99.59,Underweight,1
PIG0797,88,grower,1.77,45.04,0.492,0.09,-18.04,Normal,0
PIG0798,100,grower,1.67,42.29,0.406,-6.03,-32.31,Normal,0
PIG0799,95,grower,1.25,40.75,0.416,-9.44,-30.7,Normal,0
PIG0800,102,grower,1.23,61.51,0.591,36.69,-1.5,Overweight,2
